{
  "name": "Coding",
  "width": 1129.0,
  "height": 641.0,
  "windows": [
    {
      "id": "REGISTERS",
      "x": 605.0,
      "y": 0.0,
      "width": 525.0,
      "height": 379.1446808510638
    },
    {
      "id": "LOGGER",
      "x": 605.0,
      "y": 377.99999606085163,
      "width": 525.0,
      "height": 263.00000393914837
    },
    {
      "id": "CODE_EDITOR",
      "x": 0.0,
      "y": 0.0,
      "width": 604.19140625,
      "height": 641.0
    }
  ]
}
