{
  "name": "CPU Visualisation",
  "windows": [
    {
      "id": "LOGGER",
      "x": 0.7311111285961159,
      "y": 0.6377840909090909,
      "width": 0.2702700868734973,
      "height": 0.36363636363636365
    },
    {
      "id": "EDITOR",
      "x": 6.906077348066298E-4,
      "y": 0.0,
      "width": 0.41042050339557506,
      "height": 1.0014204545454546
    },
    {
      "id": "REGISTERS",
      "x": 0.41111108962953374,
      "y": 0.6377840909090909,
      "width": 0.32,
      "height": 0.36363636363636365
    },
    {
      "id": "CPU_VISUALISATION",
      "x": 0.4103703703703704,
      "y": 0.0019886363636363717,
      "width": 0.5896296296296296,
      "height": 0.6372159096327695
    }
  ]
}
