{
  "name": "cpuvisualisation.json",
  "windows": [
    {
      "id": "CPU_VISUALISATION",
      "x": 0.0022089947089947303,
      "y": 0.004261361468921976,
      "width": 0.9997751322530565,
      "height": 0.5926702970241403
    },
    {
      "id": "EDITOR",
      "x": 0.0032010644457027555,
      "y": 0.5997210638414578,
      "width": 0.6456084594367042,
      "height": 0.400278940027894
    },
    {
      "id": "LOGGER",
      "x": 0.6478174689216885,
      "y": 0.5997210677108097,
      "width": 0.35044972684648307,
      "height": 0.40025317788320575
    }
  ]
}