{
  "name": "Default",
  "windows": [
    {
      "id": "LOGGER",
      "x": 0.6519337016574586,
      "y": 0.7443181818181818,
      "width": 0.3494475138121547,
      "height": 0.2571022727272727
    },
    {
      "id": "ACE_EDITOR",
      "x": 6.906077348066298E-4,
      "y": 0,
      "width": 0.6512430939226519,
      "height": 1
    },
    {
      "id": "REGISTERS",
      "x": 0.6526243093922652,
      "y": 0.0014204545454545455,
      "width": 0.34668508287292815,
      "height": 0.7386363636363636
    }
  ]
}
