{
  "name": "gaming.json",
  "windows": [
    {
      "id": "HIGH_LEVEL_VISUALISATION",
      "x": 0.2866568914956012,
      "y": 0.018258426966292134,
      "width": 0.46187683284457476,
      "height": 0.9606741573033708
    }
  ]
}