{
  "name": "Labels.json",
  "windows": [
    {
      "id": "REGISTERS",
      "x": 0.6526243093922652,
      "y": 0.0014204545454545455,
      "width": 0.3466436293952462,
      "height": 0.38957813922865986
    },
    {
      "id": "ACE_EDITOR",
      "x": 6.906077348066298E-4,
      "y": 0.0,
      "width": 0.6512430939226519,
      "height": 1.0
    },
    {
      "id": "LABELS",
      "x": 0.6534407027818449,
      "y": 0.3952179942285294,
      "width": 0.34509518624748353,
      "height": 0.34458510215104715
    },
    {
      "id": "LOGGER",
      "x": 0.6519337016574586,
      "y": 0.7443181818181818,
      "width": 0.3494475138121547,
      "height": 0.2571022727272727
    }
  ]
}