{
  "name": "pipeline.json",
  "windows": [
    {
      "id": "PIPELINE_VIEW",
      "x": -1.9841269841268714E-4,
      "y": -0.0036931818181818103,
      "width": 1.0001984127013692,
      "height": 0.5519886369054968
    },
    {
      "id": "EDITOR",
      "x": 0.0026747347189336203,
      "y": 0.546875,
      "width": 0.6512430939226519,
      "height": 0.4474431818181818
    },
    {
      "id": "LOGGER",
      "x": 0.6547619061000429,
      "y": 0.546875,
      "width": 0.34661930936957036,
      "height": 0.45454545454545453
    }
  ]
}